passed,Molecular mass,LogP,H-Donors,H-Acceptors,molecule_name,canonical_smiles,pIC50
True,370.4560000000002,5.587900000000003,1,5,CHEMBL47940,Nc1ncnc2c1c(-c1ccc(Oc3ccccc3)cc1)cn2C1CCCC1,5.494850021680094
True,411.2920000000001,5.528800000000003,1,5,CHEMBL322298,CCn1c(=O)c(-c2c(Cl)cccc2Cl)cc2cnc(Nc3ccccc3)nc21,6.698970004336019
True,401.8460000000001,3.304600000000001,3,6,CHEMBL428690,CN1CC[C@H](c2c(O)cc(O)c3c(=O)cc(-c4ccccc4Cl)oc23)[C@H](O)C1,5.119186407719209
True,343.386,4.658000000000003,2,5,CHEMBL14932,Oc1ccc2ncnc(Nc3ccc(OCc4ccccc4)cc3)c2c1,7.008773924307505
True,453.34400000000034,3.817800000000002,1,7,CHEMBL38199,Brc1cccc(Nc2ncnc3cc4c(cnn4CCN4CCOCC4)cc23)c1,8.431798275933005
True,340.184,4.012200000000001,2,4,CHEMBL39337,Brc1cccc(Nc2ncnc3cc4[nH]ncc4cc23)c1,9.356547323513812
True,364.4530000000001,3.8108400000000016,3,5,CHEMBL57323,Cc1cccc(C)c1-c1cc2cnc(N)nc2nc1NC(=O)NC(C)(C)C,6.214670164989233
True,238.179,2.008399999999999,3,2,CHEMBL26001,O=P(O)(O)C(O)c1ccc2ccccc2c1,3.6020599913279625
True,336.39900000000006,3.194000000000001,3,5,CHEMBL76599,CC(C)(C)NC(=O)Nc1nc2nc(N)ncc2cc1-c1ccccc1,5.257274868695301
True,453.3450000000003,4.974700000000005,2,6,CHEMBL2448064,COc1cc2c(Nc3ccc(Cl)cc3F)ncnc2cc1OCC1CCNCC1.Cl,6.522878745280337
True,429.3220000000003,3.275000000000001,2,7,CHEMBL128987,Brc1cccc(Nc2ncnc3cc(NCCN4CCOCC4)ncc23)c1,7.443697499232713
True,280.3310000000001,3.1111000000000013,2,5,CHEMBL355330,Nc1ncnc2c1c(-c1cccc(O)c1)cn2C1CCC1,6.522878745280337
True,339.1960000000001,4.617200000000001,2,3,CHEMBL153525,Brc1cccc(Nc2ncnc3ccc4cc[nH]c4c23)c1,8.906578314837764
True,368.4120000000002,3.6308000000000016,1,6,CHEMBL97162,COc1nccc(-c2c(-c3ccc(F)cc3)ncn2[C@H]2CC[C@H](O)CC2)n1,7.080921907623926
True,353.4260000000002,2.0153,3,7,CHEMBL169780,Nc1ncnc2c1c(-c1cccc(O)c1)cn2C1CCN(CCO)CC1,5.595166283380062
True,396.4510000000002,2.6786000000000003,3,9,CHEMBL113185,COc1cc(Nc2nccc(-c3ccc(NCCN)nc3)n2)cc(OC)c1OC,5.292429823902063
True,377.828,3.8296000000000032,1,7,CHEMBL543661,COc1cc(Nc2ncnc3cc(OC)c(OC)cc23)cc(OC)c1.Cl,5.522878745280337
True,292.16900000000004,4.4486000000000026,1,3,CHEMBL555321,Cl.Clc1cccc(Nc2ncnc3ccccc23)c1,7.301029995663981
True,335.81600000000014,3.705720000000001,2,4,CHEMBL131577,Cc1cccc(Cl)c1NC(=O)c1cnc(NC(=O)C2CC2)s1,5.0
True,450.8980000000004,2.839900000000001,3,8,CHEMBL56505,COc1cc2ncnc(Nc3ccc(F)c(Cl)c3)c2cc1OCCN(CCO)CCO,7.455931955649724
True,272.687,3.819000000000001,1,3,CHEMBL7699,O=c1c(-c2cccc(Cl)c2)coc2cc(O)ccc12,4.230622673923862
True,315.7600000000001,4.044000000000002,1,5,CHEMBL7917,COc1cc2ncnc(Nc3cccc(Cl)c3)c2cc1OC,6.920818753952375
True,259.26500000000004,1.8472,2,6,CHEMBL414013,COc1cc2c(cc1OC)Nc1ncnc(O)c1C2,4.1249387366083
True,395.47,4.232400000000002,1,7,CHEMBL30432,CN(C)c1cc2c(Nc3ccc4c(cnn4Cc4ccccc4)c3)ncnc2cn1,9.0
True,342.4270000000001,5.583200000000002,2,4,CHEMBL76432,c1ccc(-c2cc3ncnc(Nc4ccc5[nH]ccc5c4)c3s2)cc1,7.167491087293763
True,300.36500000000007,3.9781200000000014,1,4,CHEMBL174634,Cc1ccccc1-c1cn(-c2ccccc2)c2ncnc(N)c12,5.576754126063192
True,374.2420000000001,2.9594000000000005,2,6,CHEMBL161956,CN(CCO)c1cc2c(Nc3cccc(Br)c3)ncnc2cn1,9.657577319177792
True,330.189,3.572600000000002,2,5,CHEMBL53753,CNc1cc2c(Nc3cccc(Br)c3)ncnc2cn1,11.096910013008056
True,265.32,3.118520000000001,2,5,CHEMBL162821,CNc1cc2c(Nc3cccc(C)c3)ncnc2cn1,9.346787486224656
True,417.5130000000001,3.1449000000000007,2,7,CHEMBL105436,COc1cccc(-c2cn(-c3ccc(CCN(C)CCO)cc3)c3ncnc(N)c23)c1,5.0
True,353.3970000000001,3.4559000000000024,1,5,CHEMBL22978,CN1CCC(O)(c2nc(-c3ccc(F)cc3)c(-c3ccncc3)o2)CC1,6.098541678603888
True,445.36500000000007,3.645500000000001,3,7,CHEMBL433520,CCN(CC)CC(O)CNc1cc2c(Nc3cccc(Br)c3)ncnc2cn1,8.337242168318426
True,267.245,-1.9800000000000009,4,9,CHEMBL477,Nc1ncnc2c1ncn2[C@@H]1O[C@H](CO)[C@@H](O)[C@H]1O,3.709965388637482
True,466.5410000000003,4.354000000000003,2,6,CHEMBL388978,CN[C@@H]1C[C@H]2O[C@@](C)([C@@H]1OC)n1c3ccccc3c3c4c(c5c6ccccc6n2c5c31)C(=O)NC4,7.309803919971486
True,405.2890000000001,4.500800000000003,3,5,CHEMBL57366,CC(C)(C)NC(=O)Nc1nc2nc(N)ncc2cc1-c1c(Cl)cccc1Cl,6.346787486224656
True,392.5070000000002,4.427680000000001,3,5,CHEMBL56236,Cc1cc(C)c(C)c(-c2cc3cnc(N)nc3nc2NC(=O)NC(C)(C)C)c1C,5.175223537524454
True,392.48400000000015,5.294300000000003,1,7,CHEMBL126192,CCOc1cc2ncnc(Nc3cccc(-c4nccs4)c3)c2cc1OCC,8.698970004336019
True,406.5110000000002,5.602720000000004,1,7,CHEMBL126456,CCOc1cc2ncnc(Nc3cccc(-c4csc(C)n4)c3)c2cc1OCC,5.318758762624412
True,395.4660000000001,4.867220000000004,1,5,CHEMBL278287,Cc1ccc(N(C)C(=O)c2ccccc2)cc1Nc1nccc(-c2cccnc2)n1,4.309803919971486
True,309.3690000000001,3.5675200000000027,1,5,CHEMBL93173,COc1cc2ncnc(NCc3cccc(C)c3)c2cc1OC,6.769551078621726
True,360.2110000000001,4.153100000000003,1,5,CHEMBL328106,COc1cc2ncnc(Nc3ccc(Br)cc3)c2cc1OC,9.017728766960431
True,385.90300000000025,3.9250000000000007,3,7,CHEMBL367625,CCn1cnc2c(Nc3cccc(Cl)c3)nc(N[C@@H]3CCCC[C@@H]3N)nc21,5.292429823902063
True,341.172,3.4072000000000005,2,5,CHEMBL172652,Brc1cccc(Nc2ncnc3cc4[nH]nnc4cc23)c1,8.387216143280265
True,337.8100000000001,4.599400000000003,2,3,CHEMBL101683,O=C(Nc1ccc(Cl)cc1)c1ccccc1NCc1ccncc1,5.136677139879544
True,130.15,1.6297999999999997,0,2,CHEMBL301359,c1ccc2ncncc2c1,7.568636235841013
True,344.216,3.596900000000001,1,5,CHEMBL53796,CN(C)c1ccc2ncnc(Nc3cccc(Br)c3)c2n1,7.494850021680094
True,360.2110000000001,4.153100000000003,1,5,CHEMBL29197,COc1cc2ncnc(Nc3cccc(Br)c3)c2cc1OC,10.537602002101044
True,304.345,4.512800000000004,1,3,CHEMBL358092,COC(=O)c1ccc(-c2ccc(-c3ccccc3)cc2O)cc1,4.853871964321762
True,321.1670000000001,2.8845,1,5,CHEMBL49596,Cn1c(=O)c(-c2c(Cl)cccc2Cl)cc2cnc(N)nc21,5.251811972993799
True,371.3620000000001,4.964800000000003,2,3,CHEMBL153843,O=C(Nc1cccc(C(F)(F)F)c1)c1ccccc1NCc1ccncc1,4.982966660701219
True,475.3620000000003,4.426100000000003,1,5,CHEMBL24828,COc1cc2/c(=N/c3ccc(Br)cc3F)nc[nH]c2cc1OCC1CCN(C)CC1,6.301029995663981
True,472.6330000000001,6.993500000000007,1,5,CHEMBL2111784,C[C@H](Nc1cc(-c2sc(C3CCN(C)CC3)nc2-c2ccc(F)cc2)ccn1)c1ccccc1,5.958607314841775
True,373.24300000000005,5.483940000000003,3,4,CHEMBL27085,Cc1nc(O)c2c(ccc3[nH]c(Nc4c(Cl)cccc4Cl)nc32)c1C,4.0
True,303.362,2.3624,2,6,CHEMBL104466,COc1cc2ncc(N[C@H]3CC[C@H](O)CC3)nc2cc1OC,5.431798275933005
True,263.30400000000003,3.1900200000000014,2,4,CHEMBL75208,Cc1[nH]c2ncnc(Nc3cccc(C#N)c3)c2c1C,6.698970004336019
True,313.72300000000007,3.813600000000002,1,5,CHEMBL181275,Fc1ccc(Nc2ncnc3nn4ccccc4c23)cc1Cl,6.698970004336019
True,400.43800000000016,4.642900000000004,2,6,CHEMBL186802,COc1cc2ncnc(Nc3cccc(NC(=O)c4ccccc4)c3)c2cc1OC,5.251811972993799
True,262.675,3.2654000000000014,1,4,CHEMBL185637,Fc1ccc(Nc2ncnn3cccc23)cc1Cl,6.958607314841775
True,378.43900000000014,1.3097199999999998,3,9,CHEMBL363130,Cc1ccsc1C(=O)n1nc(Nc2ccc(S(N)(=O)=O)cc2)nc1N,5.075720713938118
True,362.7920000000002,4.004500000000003,1,6,CHEMBL196018,CCOC(=O)c1cn2ncnc(Nc3ccc(F)c(Cl)c3)c2c1CC,7.045757490560675
True,402.4540000000002,4.673020000000003,1,7,CHEMBL371888,COc1cc2ncnc(Nc3ccc(OCc4ccccn4)c(C)c3)c2cc1OC,7.229147988357856
True,479.9680000000001,3.8621200000000018,4,6,CHEMBL401930,Cc1cc(N2CCOCC2)cc2[nH]c(-c3c(NC[C@@H](O)c4cccc(Cl)c4)cc[nH]c3=O)nc12,5.795880017344075
True,369.222,4.700500000000003,2,5,CHEMBL382862,Brc1ccc2c(c1)CNc1c(Nc3ccccc3)ncnc1O2,5.0
True,416.88400000000007,4.647500000000004,1,6,CHEMBL203295,COc1cc(OC2CCN(C)CC2)c2c(Nc3ccc(F)c(Cl)c3)ncnc2c1,7.67778070526608
True,383.249,4.569000000000003,2,5,CHEMBL381306,Brc1ccc2c(c1)CNc1c(NCc3ccccc3)ncnc1O2,4.522878745280337
True,449.4860000000003,4.227900000000003,2,6,CHEMBL606964,COc1ccc(N2Cc3cnc(Nc4ccc(F)cc4)nc3N([C@@H]3CC[C@@H](O)C3)C2=O)cc1,6.263603497723357
True,359.3890000000001,3.4647200000000016,1,7,CHEMBL206483,Cc1cccc(-n2ncc3c(NCc4ccc5c(c4)OCO5)ncnc32)c1,4.823908740944319
True,373.8690000000001,4.507660000000002,2,6,CHEMBL364623,Cc1cc(Nc2ncc(C(=O)Nc3c(C)cccc3Cl)s2)nc(C)n1,5.2839966563652006
True,413.4030000000001,5.331100000000003,3,5,CHEMBL387187,O=C(Nc1cccc(Nc2cc(Nc3cccc(C(F)(F)F)c3)ncn2)c1)C1CC1,7.67778070526608
True,453.5900000000004,5.835260000000005,1,6,CHEMBL436137,Cc1cccc(C)c1-c1cc(C)c2nc(Nc3ccc(OCCN4CCCC4)cc3)nnc2c1,6.015472686656207
True,506.0320000000004,2.4888400000000006,3,9,CHEMBL5416410,Cc1nc(Nc2ncc(C(=O)Nc3c(C)cccc3Cl)s2)cc(N2CCN(CCO)CC2)n1.O,6.7447274948966935
True,363.8200000000001,4.731700000000004,1,5,CHEMBL1204261,CCOc1cc2ncnc(Nc3cccc(F)c3)c2cc1OCC.Cl,8.087777943467584
True,478.04000000000025,5.899140000000005,1,6,CHEMBL534948,Cc1cccc(C)c1Nc1ncc(-c2ccc(OCC3CCCN(C)C3)cc2)n2cncc12.Cl,5.563837352959244
True,372.4070000000001,4.318420000000002,1,6,CHEMBL427671,Cc1ccn2ncnc(Nc3ccc4c(cnn4Cc4cccc(F)c4)c3)c12,7.091514981121351
True,392.8250000000001,4.977780000000002,3,5,CHEMBL220037,N#Cc1cnc2ccc(NCc3c[nH]cn3)cc2c1Nc1ccc(F)c(Cl)c1,7.522878745280337
True,276.702,3.5738200000000013,1,4,CHEMBL188304,Cc1ccn2ncnc(Nc3ccc(F)c(Cl)c3)c12,7.0
True,512.6580000000002,4.348500000000001,2,8,CHEMBL247468,c1ccc(-c2c(-c3ccc(OCCN4CCCC4)cc3)oc3ncnc(NCCN4CCNCC4)c23)cc1,6.401209493236885
True,487.5390000000004,3.515000000000001,2,9,CHEMBL246284,Fc1cccc(Cn2ncc3cc(Nc4ncnn5ccc(COC[C@@H]6CNCCO6)c45)ccc32)c1,7.214670164989233
True,345.4020000000001,4.091680000000003,1,5,CHEMBL248044,COc1cc2ncc(C#N)c(N[C@@H]3C[C@H]3c3ccccc3)c2cc1OC,7.045757490560675
True,519.9890000000001,4.362900000000003,2,8,CHEMBL249927,O=C(CO)N1CCC[C@@H]1COc1cccc2ncnc(Nc3ccc(OCc4ccccn4)c(Cl)c3)c12,7.013228265733755
True,489.40700000000015,5.891600000000005,3,6,CHEMBL253292,CCN(CC)CCOc1ccc(Nc2cc(NC(=O)Nc3c(Cl)cccc3Cl)ncn2)cc1,6.42021640338319
True,467.5330000000002,4.021900000000002,1,8,CHEMBL402011,C[C@@H](Oc1cccc2ncnc(Nc3ccc4c(cnn4Cc4ccccn4)c3)c12)C(=O)N(C)C,6.7447274948966935
True,515.5990000000003,3.854000000000002,1,10,CHEMBL257411,C[C@@H](Oc1cccc2ncnc(Nc3ccc4c(cnn4Cc4nccs4)c3)c12)C(=O)N1CCOCC1,6.436518914605589
True,477.95200000000017,4.856300000000003,1,7,CHEMBL428777,C[C@@H](Oc1cccc2ncnc(Nc3ccc(OCc4ccccn4)c(Cl)c3)c12)C(=O)N(C)C,7.657577319177793
True,460.5850000000004,5.393000000000005,1,6,CHEMBL410659,Nc1nccn2c1c(-c1ccc3ccc(-c4ccccc4)nc3c1)nc2[C@H]1C[C@@H](CN2CCC2)C1,5.017728766960431
True,502.57500000000033,3.4819000000000013,4,9,CHEMBL260861,COc1cc(Nc2nn3c(N[C@H](CO)Cc4ccccc4)cc(C4CC4)nc3c2C(N)=O)cc(OC)c1,5.619788758288394
True,301.781,3.483900000000001,1,5,CHEMBL406845,CC(C)(C)n1nc(-c2ccc(Cl)cc2)c2c(N)ncnc21,6.318758762624412
True,387.85000000000014,3.462000000000001,2,7,CHEMBL258940,CN1CCC(Nc2ncc3ncnc(Nc4ccc(F)c(Cl)c4)c3n2)CC1,8.522878745280337
True,374.4080000000002,3.8310200000000014,2,8,CHEMBL258694,Cc1nnc(-c2cn3ncnc(Nc4cnc5[nH]ccc5c4)c3c2C(C)C)o1,6.823908740944319
True,450.5860000000002,5.209920000000005,1,4,CHEMBL521887,Cc1ccc(NC(=O)c2ccc(CN3CCN(C)CC3)cc2)cc1-c1ccc2ccncc2c1,6.154901959985743
True,289.31300000000005,4.202400000000003,0,3,CHEMBL485745,Fc1ccc(-c2nn3ccccc3c2-c2ccncc2)cc1,5.200659450546418
True,344.4030000000001,4.373200000000002,2,6,CHEMBL515598,c1ccc2sc(-c3ccc(Nc4ncnc5[nH]cnc45)cc3)nc2c1,5.107905397309519
True,508.6300000000004,4.358500000000003,2,8,CHEMBL249496,Nc1ncnc2c1c(-c1ccc3nc(Cc4ccccc4)[nH]c3c1)nn2[C@H]1CC[C@H](N2CCOCC2)CC1,6.568636235841013
True,254.253,0.6864000000000001,1,7,CHEMBL501256,Nc1ncnc2c1ncn2CC(=O)c1cccnc1,4.031517051446065
True,408.3030000000001,4.831400000000002,3,4,CHEMBL485320,Nc1nc(Nc2cccc(Br)c2)c2cc(CCc3ccccc3)[nH]c2n1,6.522878745280337
True,512.0330000000002,4.727620000000003,3,6,CHEMBL459729,Cc1cc(C2CCN(CCCF)CC2)cc2[nH]c(-c3c(NCCn4cc(Cl)cn4)cc[nH]c3=O)nc12,4.6777807052660805
True,401.8500000000002,3.828000000000002,1,7,CHEMBL461792,COC[C@H]1Oc2cc3ncnc(Nc4cccc(Cl)c4)c3cc2O[C@@H]1COC,7.996539467890494
True,473.3710000000001,4.492800000000003,3,4,CHEMBL523586,NC[C@H](Cc1cccc(F)c1)NC(=O)c1cc(Br)c(-c2ccnc3[nH]ccc23)s1,5.0
True,454.9620000000002,5.961800000000004,2,7,CHEMBL470219,Fc1ccc(Nc2ncnc3nc(Nc4ccc(CN5CCCC5)cc4)sc23)cc1Cl,8.397940008672037
True,401.47,3.4240000000000013,2,5,CHEMBL461140,CN(C)CCOc1ccc(/C=C/c2cc(-c3cc4c(=O)[nH]cnc4[nH]3)ccn2)cc1,5.481486060122113
True,428.25800000000015,5.026180000000001,3,6,CHEMBL496388,N#Cc1cnc2c(Cl)cc(NCc3c[nH]nn3)cc2c1Nc1ccc(F)c(Cl)c1,6.0
True,427.29100000000017,4.538200000000003,2,6,CHEMBL327127,Cn1c(=O)c(-c2c(Cl)cccc2Cl)cc2cnc(Nc3cccc(CO)c3)nc21,7.086186147616283
True,539.6440000000001,3.013100000000001,3,10,CHEMBL565714,CCC1=C2C(Nc3ccc4c(cnn4Cc4ccccc4)c3)=NC=NC2N=C1NC(=O)OCCN1CCNCC1,7.67778070526608
True,414.4900000000002,5.667300000000004,1,7,CHEMBL473556,COc1cc2ncnc(Nc3ccc(-c4nc5ccccc5s4)cc3)c2cc1OC,5.823908740944319
True,425.5210000000001,4.397200000000002,3,7,CHEMBL590109,NCCn1cc(-c2cc(-c3cc4ccccc4s3)c3[nH]ncc3c2)c2nc(N)ncc21,6.026872146400302
True,469.3680000000001,5.363100000000003,2,7,CHEMBL606403,CC(C)c1nsc(C(=O)Nc2ccc3ncnc(Nc4cccc(Br)c4)c3c2)n1,6.889410289700751
True,449.3080000000001,5.153400000000003,2,5,CHEMBL604914,O=C(COc1ccccc1)Nc1ccc2ncnc(Nc3cccc(Br)c3)c2c1,6.534617148551582
True,290.153,4.680200000000001,1,3,CHEMBL1080815,Clc1cccc(Nc2ncnc3ccc(Cl)cc23)c1,5.568636235841013
True,430.9200000000001,6.030500000000004,1,5,CHEMBL1091613,O=C(Nc1cccc(-c2nc3sccn3c2-c2ccncc2)c1)c1ccccc1Cl,6.619788758288394
True,307.38200000000006,3.426700000000001,3,5,CHEMBL1093099,Nc1nc(N)c2c(n1)[nH]c1cccc(Sc3ccccc3)c12,4.821886747685368
True,463.16600000000017,5.943800000000001,3,4,CHEMBL1095761,Nc1nc(Nc2cccc(Br)c2)c2cc(Cc3ccc(Cl)cc3Cl)[nH]c2n1,6.698970004336019
True,303.1590000000001,3.4746000000000024,0,3,CHEMBL1171792,Cc1ccc(Br)c2c(C#N)cc(C(=O)C3CC3)n12,7.070581074285707
True,375.414,0.5805000000000002,3,8,CHEMBL1172957,NS(=O)(=O)c1ccc(Nc2nc(N3CCOCC3)nc3[nH]cnc23)cc1,5.0
True,407.4730000000001,5.702300000000005,2,5,CHEMBL1172781,OC[C@@H](Nc1ncnc2oc(-c3ccccc3)c(-c3ccccc3)c12)c1ccccc1,6.651695136951839
True,348.20400000000006,3.1245000000000003,2,6,CHEMBL1242285,CC(C)n1nc(-c2cc(O)cc(Br)c2)c2c(N)ncnc21,6.603800652904264
True,394.27600000000007,4.637000000000002,3,4,CHEMBL499344,Nc1nc(Nc2cccc(Br)c2)c2cc(Cc3ccccc3)[nH]c2n1,5.777283528852417
True,303.29999999999995,3.646580000000001,2,4,CHEMBL1257795,N#Cc1ccc2c(c1)C(c1ccccc1F)=Nc1c[nH]nc1N2,4.962573502059376
True,325.43699999999995,3.715600000000002,2,5,CHEMBL1271950,OC[C@@H](Nc1ncnc2sc3c(c12)CCCC3)c1ccccc1,6.142667503568732
True,395.2600000000001,4.961080000000003,2,4,CHEMBL1641991,CCC(=O)Nc1ccc2c(C#N)cnc(Nc3cccc(Br)c3)c2c1,4.681936665037238
True,530.5640000000002,3.8553200000000016,3,10,CHEMBL1645462,Cc1c(NC(=O)OC[C@@H]2COCCN2)cn2ncnc(Nc3ccc4c(cnn4Cc4cccc(F)c4)c3)c12,7.494850021680094
True,402.5020000000002,3.869700000000001,3,5,CHEMBL1762110,CC(=O)NC[C@H]1CC[C@H](c2nc(-c3cc4ccccc4[nH]3)c3c(N)nccn32)CC1,5.446116973356125
True,403.4420000000002,4.5378000000000025,2,8,CHEMBL1760035,COc1cc(Nc2nccc(Nc3cnc4ccccc4c3)n2)cc(OC)c1OC,6.069050968832477
True,343.4410000000001,3.34982,2,8,CHEMBL1270795,CSc1cn2c(-c3cn[nH]c3)cnc2c(Nc2cc(C)ns2)n1,5.296880653763922
True,427.5480000000002,6.921740000000005,0,4,CHEMBL1821862,Cc1ccc(C2=NN(c3nc(-c4ccccc4)cs3)C(c3ccc(F)cc3)C2)cc1C,5.761953896871205
True,230.231,-0.1171200000000002,3,7,CHEMBL1910268,N#Cc1cc2c(N)ncnc2nc1NCCO,4.0301183562535
True,411.3030000000001,5.081500000000004,3,4,CHEMBL1914653,Br.C[C@@H](Nc1ncnc2[nH]c(-c3ccc(O)cc3)cc12)c1ccccc1,8.431798275933005
True,404.8820000000001,5.800600000000003,2,5,CHEMBL1928309,O=C(c1cc2ccccc2[nH]1)c1cc2c(Nc3cccc(Cl)c3)ncnc2s1,6.522878745280337
True,298.3670000000001,4.042920000000001,1,5,CHEMBL1929312,Cc1ccc(-c2nnc(SCc3ccccc3)o2)c(O)c1,4.465339424171556
True,438.871,5.645300000000002,3,6,CHEMBL1928311,O=C(c1cc2cc(O)ccc2[nH]1)c1cc2c(Nc3ccc(F)c(Cl)c3)ncnc2s1,7.619788758288394
True,408.3030000000001,4.945420000000003,3,4,CHEMBL1095464,Cc1ccccc1Cc1cc2c(Nc3cccc(Br)c3)nc(N)nc2[nH]1,5.036684488613889
True,276.317,1.50872,1,4,CHEMBL1916951,Cc1ccc(S(=O)(=O)NC(=O)c2cccnc2)cc1,4.605023280445436
True,448.4490000000003,3.6640000000000015,3,8,CHEMBL1950289,O[C@H]1CC[C@H](Nc2ncc3nc(Nc4c(F)cc(F)cc4F)n([C@H]4CCOC4)c3n2)CC1,6.42021640338319
True,337.4020000000002,4.233600000000003,1,5,CHEMBL1951415,Nc1nccc(-c2c(-c3ccc(F)cc3)ncn2C2CCCCC2)n1,6.823908740944319
True,431.49600000000027,4.088800000000003,2,6,CHEMBL1952210,COc1ccc(N2Cc3cnc(Nc4ccccc4)nc3N([C@@H]3CC[C@@H](O)C3)C2=O)cc1,6.508638306165727
True,321.40500000000003,3.467100000000002,0,4,CHEMBL1958019,O=C1CSC(N2N=C(c3ccccc3)CC2c2ccccc2)=N1,5.471083299722345
True,463.16600000000017,5.943800000000001,3,4,CHEMBL1956886,Nc1nc(Nc2cccc(Br)c2)c2cc(Cc3ccc(Cl)c(Cl)c3)[nH]c2n1,4.703993330686328
True,433.70100000000014,6.282800000000002,1,4,CHEMBL2011291,Nc1c(-c2ccc(F)cc2)c(-c2ccncc2)nn1-c1c(Cl)cc(Cl)cc1Cl,6.94692155651658
True,281.31500000000005,3.390600000000002,1,5,CHEMBL94191,COc1cc2ncnc(Nc3ccccc3)c2cc1OC,5.366531544420414
True,414.3070000000001,4.026100000000001,2,5,CHEMBL2031297,CN(C)CCC(=O)Nc1ccc2ncnc(Nc3cccc(Br)c3)c2c1,9.55284196865778
True,457.8930000000004,3.7961000000000023,1,8,CHEMBL2064372,O=c1oc2cc3ncnc(Nc4ccc(F)c(Cl)c4)c3cc2n1CCCN1CCOCC1,7.107905397309519
True,405.3930000000001,3.346900000000001,4,6,CHEMBL1990583,Nc1ncnn2ccc(C(=O)Nc3ccc(NC(=O)Nc4cccc(F)c4)cc3)c12,5.679853713888946
True,477.3180000000002,5.159400000000003,2,6,CHEMBL2070190,O=C(Nc1ccc2ncnc(Nc3cccc(Br)c3)c2c1)c1cccc2c1OCCO2,5.787812395596042
True,369.8560000000001,4.240000000000003,1,6,CHEMBL2070045,COc1ccc2cc(-c3nn(C(C)C)c4ncnc(N)c34)ccc2c1.Cl,6.292429823902063
True,372.2220000000002,4.297200000000002,1,5,CHEMBL1198361,Brc1cccc(Nc2ncnc3cc4c(cc23)OCCCO4)c1,7.070581074285707
True,446.3010000000004,3.9403000000000015,1,7,CHEMBL2087355,Brc1cccc(Nc2ncnc3cc4c(cc23)OCCOCCOCCO4)c1,7.301029995663981
True,567.9770000000002,4.800200000000004,2,8,CHEMBL2148044,CS(=O)(=O)CC(=O)NCCn1ccc2ncnc(Nc3ccc(Oc4cccc(C(F)(F)F)c4)c(Cl)c3)c21,7.823908740944319
True,322.36800000000017,2.25572,2,6,CHEMBL2152704,Cc1ccc(O)cc1-n1c(=O)c2c(c3c(N)ncnc31)CCCC2,5.790484985457369
True,453.8580000000001,2.8178,3,6,CHEMBL2152252,CNC(=O)c1nc(-c2ccc(Cl)c(S(=O)(=O)Nc3cccc(F)c3F)c2)cnc1N,6.131355561605174
True,441.3140000000002,5.699100000000005,1,4,CHEMBL2159053,COc1ccc(C2=NN(C(=O)c3ccc(Cl)cc3O)C(c3ccc(Cl)cc3)C2)cc1,4.979224511806442
True,384.2330000000001,4.629780000000003,1,5,CHEMBL111038,COc1cc2ncc(C#N)c(Nc3cccc(Br)c3)c2cc1OC,6.721246399047171
True,343.2270000000001,2.766300000000001,0,3,CHEMBL2205030,O=S1(=O)N=S(c2ccc(Br)cc2)c2ccncc21,5.267606240177032
True,461.3970000000003,5.775120000000004,2,7,CHEMBL2312654,Cc1cc(-c2cnc(Nc3cc(Cl)cc(Cl)c3)nc2NC2CCC(N(C)C)CC2)on1,6.229147988357856
True,349.3120000000001,4.409400000000002,1,5,CHEMBL2333986,COc1cc2ncnc(Nc3ccccc3C(F)(F)F)c2cc1OC,5.0
True,333.7500000000001,4.183100000000002,1,5,CHEMBL301018,COc1cc2ncnc(Nc3ccc(F)c(Cl)c3)c2cc1OC,8.045757490560675
True,413.8400000000002,4.450000000000003,1,7,CHEMBL294034,COc1cc2ncnc(Nc3ccc(F)c(Cl)c3)c2cc1OCCn1ccnc1,7.220403508742176
True,313.74800000000005,3.517400000000001,3,4,CHEMBL2347231,NC(=O)Nc1ccc2ncnc(Nc3ccc(Cl)cc3)c2c1,7.214670164989233
True,538.6270000000002,4.843120000000004,2,6,CHEMBL2385993,Cc1ccc(NC(=O)c2ccc(CN3CCN(C)CC3)cc2)cc1C(=O)Nc1nccc(-c2cccc(F)c2)n1,5.221848749616356
True,473.9360000000002,3.763700000000002,2,7,CHEMBL2408045,CNC(=O)CN1CCC(Oc2cc3c(Nc4cccc(Cl)c4F)ncnc3cc2OC)CC1,7.920818753952375
True,405.8850000000003,5.623500000000003,1,5,CHEMBL2419762,Cl.c1ccc(-c2cccc(Nc3ncnc4cc5c(cc34)OCCCO5)c2)cc1,7.568636235841013
True,476.9680000000001,4.699000000000003,2,6,CHEMBL2426280,COc1cc(N2CCN(C(C)=O)CC2)ccc1Nc1ncc(Cl)c(-c2c[nH]c3ccccc23)n1,6.102372908709558
True,479.9720000000001,4.477200000000003,2,8,CHEMBL2426248,COc1ccc(NC(=O)CCCN(C)C)cc1Nc1ncc(Cl)c(-c2cnn3ccccc23)n1,5.638272163982407
True,444.8940000000004,4.028000000000003,1,7,CHEMBL2425088,COc1cc2ncnc(Nc3ccc(F)c(Cl)c3)c2cc1OCCN1CC2(CCO2)C1,6.721246399047171
True,330.75,3.970200000000002,2,5,CHEMBL2441568,Fc1ccc(Nc2ncnc3cc4c(cc23)NCCO4)cc1Cl,8.88941028970075
True,422.8940000000002,3.2943000000000016,1,7,CHEMBL3098312,COc1cc2nc(Cl)nc(Nc3ccc(S(=O)(=O)N(C)C)cc3)c2cc1OC,4.172630726946175
True,371.8240000000002,4.566400000000004,1,6,CHEMBL3134612,COc1cc(Nc2nccc(-c3ccc(Cl)cc3)n2)cc(OC)c1OC,5.668572703479257
True,275.31100000000004,4.165300000000001,3,3,CHEMBL3133821,Oc1cccc(Nc2ccnc3[nH]c4ccccc4c23)c1,6.568636235841013
True,319.3720000000002,3.0669000000000013,2,6,CHEMBL1081312,Nc1ncnc2c1c(-c1cnc3[nH]ccc3c1)nn2C1CCCC1,6.585026652029182
True,566.1060000000002,4.850700000000003,2,9,CHEMBL3237931,COc1cc(N2CCN(C)CC2)ccc1Nc1ncc(Cl)c(Oc2cccc(NC(=O)CCN3CCCC3)c2)n1,6.279840696594043
True,456.9370000000002,4.533900000000003,1,7,CHEMBL3237938,Cc1nn(-c2ccccc2)c(Cl)c1C1C(C#N)=C(N)N(c2cccnc2)C2=C1C(=O)CCC2,4.744245213356956
True,407.9020000000001,4.5077000000000025,2,6,CHEMBL3233761,CN(C)CCCC(=O)Nc1cc2c(Nc3ccc(F)c(Cl)c3)ncnc2s1,5.744004273277598
True,461.6340000000002,7.451840000000007,0,4,CHEMBL3263359,Cc1ccc(C2=NN(C3=NC(c4ccccc4)CS3)C(c3cccc4ccccc34)C2)cc1C,5.402304814074488
True,341.3700000000001,4.769100000000003,1,5,CHEMBL3040861,c1ccc(-c2cccc(Nc3ncnc4cc5c(cc34)OCO5)c2)cc1,8.698970004336019
True,530.5040000000002,2.856200000000001,0,10,CHEMBL3358006,C[C@@H]1CN(c2nc(C(F)(F)F)no2)CCN1c1ncc(OCc2ccc(CS(C)(=O)=O)cc2F)cn1,5.6777807052660805
True,283.331,3.6161400000000015,0,5,CHEMBL3297898,COc1ccc(N(C)c2nc(C)nc3oc(C)cc23)cc1,7.166215625343521
True,459.90900000000033,4.309200000000003,1,7,CHEMBL3623290,COc1cc2ncnc(Nc3cccc(Cl)c3F)c2cc1OC(=O)N1CCN(C)C[C@H]1C,9.69897000433602
True,325.37600000000015,2.1067,2,7,CHEMBL3735952,COC1CCN(c2nccc(Nc3cc4[nH]cnc4cn3)n2)CC1,6.055517327849832
True,483.47000000000014,3.7047000000000017,2,9,CHEMBL3736121,CO[C@H]1CCN(c2nccc(Nc3cc4c(cn3)nc([C@@H](C)O)n4[C@H](C)C(F)(F)F)n2)C[C@H]1F,7.568636235841013
True,445.5220000000001,6.276420000000005,1,4,CHEMBL3739750,CC(=O)c1nn(-c2ccccc2)cc1C(=O)c1c(C)[nH]c(-c2ccccc2)c1-c1ccccc1,5.330683119433888
True,351.3660000000001,3.199800000000001,2,6,CHEMBL3754722,COc1cc(NC(=O)Nc2ccncc2)cc(-c2cncnc2)c1OC,6.536913666975467
True,347.38200000000006,3.251900000000001,3,6,CHEMBL3758502,CC1(C)OCc2c(Nc3n[nH]c4ccccc34)nc(-c3cn[nH]c3)nc21,6.221848749616356
True,379.4600000000001,5.162800000000004,2,5,CHEMBL3759815,C[C@@H](Nc1ncnc2sc(-c3ccc(CO)cc3F)cc12)c1ccccc1,7.886056647693163
True,464.8310000000001,5.549700000000003,3,4,CHEMBL1336,CNC(=O)c1cc(Oc2ccc(NC(=O)Nc3ccc(Cl)c(C(F)(F)F)c3)cc2)ccn1,7.096910013008056
True,349.4380000000002,3.0429000000000013,2,6,CHEMBL3787112,Nc1ncnc2c1c(-c1cccc(O)c1)cn2[C@H]1C[C@@H](CN2CCC2)C1,5.638272163982407
True,439.5630000000003,4.916300000000004,1,6,CHEMBL1614712,Nc1ncnc2c1c(-c1cccc(OCc3ccccc3)c1)cn2[C@H]1C[C@@H](CN2CCC2)C1,5.2839966563652006
True,278.311,3.6228000000000007,2,2,CHEMBL3800262,CC(=O)c1cccc(NC(=O)c2cc3ccccc3[nH]2)c1,4.2441251443275085
True,361.7600000000002,3.945700000000002,1,6,CHEMBL3806292,COc1cc2ncnc(Nc3ccc(F)c(Cl)c3)c2c2c1OCCO2,6.0
True,462.54900000000015,6.392500000000006,0,5,CHEMBL3805508,c1ccc(COc2cccc(C3CC(c4ccc5c(c4)OCCO5)=NN3c3ccccc3)c2)cc1,5.101274818410507
True,402.5060000000001,3.225600000000001,1,8,CHEMBL3815045,CCn1c(-c2nc(-c3cnn(C4CCN(C)CC4)c3)cnc2N)nc2ccccc21,7.301029995663981
True,358.199,3.626500000000002,3,4,CHEMBL3814959,NC(=O)Nc1ccc2ncnc(Nc3ccc(Br)cc3)c2c1,9.09528445472132
True,436.8740000000001,5.703300000000003,2,5,CHEMBL3814846,CC(=O)Nc1ccc2ncnc(Nc3ccc(OCc4cccc(F)c4)c(Cl)c3)c2c1,5.6777807052660805
True,431.8110000000002,3.221400000000001,3,7,CHEMBL3818547,COc1cc2ncnc(Nc3ccc(F)c(Cl)c3)c2cc1NC(=O)[C@@H]1COC(=O)N1,8.97469413473523
True,467.61300000000017,5.515880000000005,1,4,CHEMBL3735648,CC1(C)c2cc(C3CCN(CC4CCOCC4)CC3)ccc2C(=O)c2c1[nH]c1cc(C#N)ccc21,6.455931955649724
True,353.788,4.5664000000000025,1,5,CHEMBL3828269,Cn1cc(-c2ccc3ncnc(Nc4ccc(F)c(Cl)c4)c3c2)cn1,8.527243550682787
True,452.51800000000014,5.128500000000003,2,7,CHEMBL3948084,CCC(=O)Nc1cc2c(Nc3ccc4c(cnn4Cc4ccccc4)c3)ncnc2cc1OC,7.769551078621726
True,401.51400000000007,5.036400000000004,2,6,CHEMBL3901622,C[C@@H](Nc1ncnc2oc(-c3ccc(NCCN(C)C)cc3)cc12)c1ccccc1,6.663540266151471
True,461.4840000000002,5.319900000000005,2,5,CHEMBL3965075,CCOCc1ccc2c(c1)nc(NC(=O)c1cccc(C(F)(F)F)c1)n2[C@H]1CC[C@H](O)CC1,6.327902142064283
True,466.9540000000002,5.248900000000004,2,9,CHEMBL2103842,C[C@@H]1COC(Nc2ccc3ncnc(Nc4ccc(OCc5nccs5)c(Cl)c4)c3c2)=N1,8.154901959985743
True,386.455,4.2375000000000025,2,5,CHEMBL3884319,CC1(C)C(=O)N([C@H]2CCc3c(O)cccc32)c2nc(Nc3ccccc3)ncc21,5.0
True,310.744,3.8571000000000017,1,4,CHEMBL4103370,Clc1ccc(-c2nnc(Cc3nc4ccccc4[nH]3)o2)cc1,7.091514981121351
True,406.917,4.981720000000005,1,4,CHEMBL4098409,COc1ccc2c(c1)CCN2c1nc(C)nc2c(Cc3ccccc3)c[nH]c12.Cl,6.777023550106609
True,357.4420000000001,4.579900000000001,3,5,CHEMBL4060383,Nc1nc(N)c2c(n1)[nH]c1cccc(Sc3ccc4ccccc4c3)c12,4.698970004336019
True,472.3430000000001,4.599100000000003,3,6,CHEMBL4071058,CC(C)(C)OC(=O)NCC(=O)Nc1ccc2ncnc(Nc3cccc(Br)c3)c2c1,8.494850021680094
True,447.5390000000001,6.0918000000000045,3,5,CHEMBL4102577,CCC(=O)Nc1cccc(Nc2cc(-c3[nH]c(SC)nc3-c3ccc(F)cc3)ccn2)c1,8.167491087293763
True,376.46,5.743300000000003,2,4,CHEMBL321494,CSc1nc(-c2ccc(F)cc2)c(-c2ccnc(Nc3ccccc3)c2)[nH]1,6.886056647693163
True,470.9600000000002,6.104820000000005,4,5,CHEMBL4105329,Cc1n[nH]c2ccc(-c3cc(N[C@@H](CO)c4ccccc4)cnc3-c3cc(Cl)ccc3O)cc12,8.508638306165727
True,454.50500000000017,5.590520000000005,4,5,CHEMBL4062877,Cc1n[nH]c2ccc(-c3cc(N[C@@H](CO)c4ccccc4)cnc3-c3cc(F)ccc3O)cc12,9.397940008672036
True,416.89300000000014,5.2246000000000015,0,6,CHEMBL4083815,O=c1c2ccccc2nc(-c2ccccc2)n1-c1nnc(-c2ccccc2Cl)s1,5.140861702705469
True,473.4390000000002,4.740020000000002,2,6,CHEMBL4066684,Cc1cc(=O)n(-c2ccc(F)cc2)nc1C(=O)Nc1ccc(Oc2ccnc3[nH]ccc23)c(F)c1,6.139482322538254
True,418.4560000000001,6.252600000000004,3,4,CHEMBL4071494,Oc1ccc(-c2nc(-c3ccco3)c(-c3ccnc4[nH]c(-c5ccccc5)cc34)[nH]2)cc1,5.886056647693163
True,446.4850000000001,6.798700000000005,3,3,CHEMBL4097627,Oc1cccc(-c2nc(-c3ccc(F)cc3)c(-c3ccnc4[nH]c(-c5ccccc5)cc34)[nH]2)c1,6.106793246940152
True,412.4680000000001,5.351000000000004,3,3,CHEMBL4101719,OCCCc1nc(-c2ccc(F)cc2)c(-c2ccnc3[nH]c(-c4ccccc4)cc23)[nH]1,8.1890957193313
True,427.4860000000002,2.3469,1,8,CHEMBL4095253,C=CS(=O)(=O)N1CCC[C@@H]1Cn1cc(-c2ccc3c(c2)OCO3)c2c(N)ncnc21,6.1919917000896
True,360.28000000000026,5.076200000000002,1,4,CHEMBL4171764,Brc1cccc(Nc2ncnc3sc4c(c23)CCCC4)c1,8.58335949266172
True,381.8670000000001,4.061100000000003,2,5,CHEMBL4167162,O=C(CN1CCCC1)Nc1ccc2ncnc(Nc3ccc(Cl)cc3)c2c1,7.494850021680094
True,328.37500000000006,4.009500000000003,2,5,CHEMBL1328065,Oc1ccccc1-c1nc(NCc2cccnc2)c2ccccc2n1,4.614393726401688
True,491.4790000000002,4.868420000000002,1,8,CHEMBL4215703,Cc1cc(=O)n(-c2ccc(F)cc2)nc1C(=O)Nc1ccc(Oc2ncnc3ccsc23)c(F)c1,5.161150909262744
True,506.6580000000003,4.882000000000005,2,8,CHEMBL3809489,Nc1nc(Nc2ccc3c(c2)CC[C@@H](N2CCCC2)CC3)nn1-c1cc2c(nn1)-c1ccccc1CCC2,5.4089353929735005
True,328.79900000000004,3.154700000000001,3,2,CHEMBL4214496,O=C(NC(CO)Cc1ccccc1)c1cc2cc(Cl)ccc2[nH]1,6.096910013008056
True,487.9440000000002,4.998100000000004,2,7,CHEMBL4207750,CCS(=O)(=O)Nc1cc(-c2ccc3ncnc(Nc4ccc(F)c(Cl)c4)c3c2)cnc1OC,8.619788758288394
True,481.6080000000001,4.259000000000003,2,9,CHEMBL4209801,CN1CCN(c2ccc(Nc3cc4c(N5CCCC5)nc(Nc5ccccc5)nc4cn3)nc2)CC1,8.638272163982407
True,284.34400000000005,3.0242000000000004,2,6,CHEMBL4246256,Oc1cccc(Nc2nnnc3sc4c(c23)CCC4)c1,4.283078926833239
True,336.247,5.070800000000003,1,3,CHEMBL4238771,Clc1ccc(SCc2n[nH]c(-c3ccc(Cl)cc3)n2)cc1,4.341988603342887
True,427.8190000000002,5.344520000000003,2,6,CHEMBL4293326,Cc1oc2ncnc(Nc3ccc(OCc4cccc(F)c4)c(Cl)c3)c2c1C(=O)O,6.021819483062586
True,401.4480000000001,2.6284,3,8,CHEMBL4276965,COc1ccc(OC)c(Nc2cc(Nc3ccc(S(N)(=O)=O)cc3)ncn2)c1,6.108462542327436
True,364.4050000000001,4.149100000000002,2,7,CHEMBL4292110,CCOC(=O)c1ccc(Nc2cc(Nc3cccc(OC)c3)ncn2)cc1,5.925183559354825
True,354.37300000000005,3.276180000000001,2,7,CHEMBL4218431,N#Cc1ccc(O)c(-c2nc(NCc3cnccn3)c3ccccc3n2)c1,7.069560405233299
True,349.41500000000013,3.478900000000002,1,4,CHEMBL4284413,O=C(Nc1nccs1)C(c1ccccc1)N1Cc2ccccc2C1=O,7.619788758288394
True,401.289,3.6246000000000023,0,5,CHEMBL4280817,O=C1CSC(N2N=C(c3ccncc3)CC2c2ccc(Br)cc2)=N1,8.045757490560675
True,277.35200000000003,4.124800000000003,0,4,CHEMBL4286998,c1ccc(-c2nc3sc(-c4ccccc4)cn3n2)cc1,5.008773924307505
True,506.6050000000003,4.719120000000004,1,8,CHEMBL4448494,Cc1nc2c(F)cc(-c3nc(Nc4ccc5c(n4)CCN(CCN(C)C)C5)ncc3F)cc2n1C(C)C,5.705533773838407
True,396.53400000000033,6.672120000000006,0,3,CHEMBL4578764,Cc1ccc(C2=NN(c3ccccc3)C(c3ccc(OC4CCCC4)cc3)C2)cc1,5.665546248849069
True,298.77700000000004,4.233700000000002,2,3,CHEMBL75177,Clc1cccc(Nc2ncnc3[nH]c4c(c23)CCCC4)c1,7.5376020021010435
True,386.4550000000001,3.543400000000002,2,4,CHEMBL4444231,CC(C)(O)Cn1/c(=N/C(=O)c2cccc(-c3cccnc3)c2)[nH]c2ccccc21,6.761953896871205
True,417.46900000000016,2.947000000000001,2,6,CHEMBL4532034,COc1ccncc1-c1cc(C(=O)/N=c2\[nH]c3ccccc3n2CC(C)(C)O)ccn1,7.920818753952375
True,491.6100000000002,6.911200000000005,1,3,CHEMBL4446681,CN(CCc1ccc(-c2ccccc2)cc1)Cc1cn(C)c2ccc(C(=O)Nc3ccc(F)cc3)cc12,5.0
True,290.323,2.15742,1,5,CHEMBL4441392,Cc1cc(=O)n2nc(SCc3ccc(F)cc3)nc2[nH]1,7.251811972993799
True,288.286,1.6397999999999997,4,6,CHEMBL4553708,OCCNc1nc(Nc2cccc(F)c2)c2cn[nH]c2n1,4.179798540514359
True,517.0110000000002,4.337500000000002,3,8,CHEMBL4465558,COc1cc(N2CCNC2=O)ccc1Nc1ncc(Cl)c(Nc2ccccc2S(=O)(=O)C(C)C)n1,6.116338564846383
True,356.45400000000006,5.891620000000002,2,4,CHEMBL80302,Cc1cc2cc(Nc3ncnc4cc(-c5ccccc5)sc34)ccc2[nH]1,7.0
True,466.9290000000002,4.932700000000003,4,7,CHEMBL4462528,COc1cc(NC(=O)C2CC2)ccc1Nc1ncc(Cl)c(Nc2ccccc2NC(C)=O)n1,6.209714835966758
True,434.2830000000001,5.188200000000003,3,6,CHEMBL4439933,COc1cc(Nc2cc(NC(=O)Nc3c(Cl)cccc3Cl)ncn2)cc(OC)c1,6.501689446210399
True,407.4000000000002,1.6888999999999996,2,7,CHEMBL4635625,C[C@@H]1[C@@H]2CN(c3nc(Nc4cnn(C)c4)ncc3F)C[C@]12NC(=O)[C@@H]1CC1(F)F,5.386158178123931
True,449.4860000000002,4.399500000000002,4,6,CHEMBL4642177,CCC(=O)Nc1cc(Nc2nccc(-c3c[nH]c4c(CCO)cccc34)n2)c(OC)cc1F,6.681936665037238
True,463.51300000000015,4.720500000000003,3,7,CHEMBL4639459,CCC(=O)Nc1cc(Nc2nccc(-c3cn(CCCO)c4ccccc34)n2)c(OC)cc1F,6.3743789185750925
True,455.5000000000002,2.0043,3,10,CHEMBL4745877,COc1ncc(-c2ccc3ncnc(Nc4cnn(CCO)c4)c3c2)cc1NS(C)(=O)=O,5.598599459218456
True,371.7780000000001,4.799120000000002,1,5,CHEMBL4792279,Cc1nn(-c2ccc(F)cc2)c2ncnc(Nc3ccc(F)c(Cl)c3)c12,6.730487055782084
True,468.9450000000003,3.8220000000000023,3,8,CHEMBL458997,CNC(=O)c1ccccc1Nc1nc(Nc2ccc(N3CCOCC3)cc2OC)ncc1Cl,6.259637310505756
True,279.343,3.7147200000000025,0,4,CHEMBL492399,COc1ccc(N(C)c2nc(C)nc3ccccc23)cc1,8.55284196865778
True,330.3910000000001,3.770400000000002,3,4,CHEMBL4780286,OC[C@@H](Nc1ncnc2[nH]c(-c3ccccc3)cc12)c1ccccc1,9.096910013008056
True,469.5450000000002,4.953340000000003,2,7,CHEMBL483321,COCC(=O)NC/C=C/c1ccc2ncnc(Nc3ccc(Oc4ccc(C)nc4)c(C)c3)c2c1,5.1938200260161125
True,498.4910000000002,4.896800000000004,4,8,CHEMBL4741925,COc1ccc(-c2c3c4cc(OC)c(O)cc4[nH]c(=O)c3n3ccc4cc(O)c(OC)cc4c23)cc1O,6.511872503752541
True,332.98300000000006,1.94372,1,4,CHEMBL4871569,Cc1nc2c(Br)cc(Br)cc2c(=O)n1N,7.142667503568732
True,486.55100000000033,4.407100000000003,2,7,CHEMBL4869634,CC(C)Oc1cc(F)ccc1Nc1ncnc2ccc(-c3ccc(C(=O)N4CCNCC4)cc3)nc12,5.705533773838407
True,346.8170000000001,6.004400000000004,2,3,CHEMBL4873767,Oc1cc(Nc2ccnc3cc(-c4ccccc4)ccc23)ccc1Cl,7.0
True,462.55600000000015,4.502300000000004,0,8,CHEMBL4860202,CS(=O)(=O)c1nccc(-c2c(-c3cccc(OCc4ccccc4)c3)nc3sccn23)n1,5.0034883278458215
True,384.46400000000006,5.098800000000004,0,6,CHEMBL4866102,c1ccc(COc2cccc(-c3nc4sccn4c3-c3ccncn3)c2)cc1,5.361111575294925
True,372.4240000000001,4.374700000000003,2,5,CHEMBL4872030,COc1ccc(C(Nc2ccccc2)n2c(=O)ccc3cc(O)ccc32)cc1,4.8458804744841535
True,470.3810000000001,4.973500000000001,2,9,CHEMBL4647325,Nc1nc(Nc2nnc3c4ccccc4nc(Sc4ccc(Br)cc4)n23)cs1,6.161150909262744
True,377.297,4.679100000000003,1,4,CHEMBL4878790,O=C(Nc1cncnc1Oc1cccc(C(F)(F)F)c1)c1ccc(F)cc1,5.525783735923745
True,309.3690000000001,3.8201000000000023,1,5,CHEMBL1714813,COc1cc2ncnc(N[C@H](C)c3ccccc3)c2cc1OC,9.0
True,422.4550000000002,3.622600000000001,3,6,CHEMBL5092606,CN(C)C(=O)c1ccc(Nc2ncc(C(F)(F)F)c(N[C@H]3CC[C@@H](N)CC3)n2)cc1,5.146484303243072
True,357.4380000000001,4.883400000000003,1,4,CHEMBL5173408,O=C(Cc1csc2nc3ccccc3n12)Nc1cccc2ccccc12,7.054039296422431
True,289.136,3.4640000000000004,2,3,CHEMBL5181237,Brc1cccc(Nc2ncnc3[nH]ccc23)c1,8.424812155072338
True,371.7780000000001,4.799120000000002,1,5,CHEMBL5187375,Cc1nn(-c2ccc(F)cc2)c2c(Nc3ccc(F)c(Cl)c3)ncnc12,6.7447274948966935
True,307.151,2.2072000000000003,2,3,CHEMBL5198368,CC1=NNC2=NC(=O)NC(c3ccccc3Br)C12,7.045757490560675
True,571.705,4.785200000000004,3,10,CHEMBL4209019,CN(C)C1CCN(c2ccc(Nc3cc4c(N5CCC(CO)CC5)nc(Nc5ccc(F)cc5)nc4cn3)nc2)CC1,8.958607314841775
True,439.9430000000003,6.685200000000004,1,5,CHEMBL5206805,Fc1cccc(COc2ccc(Nc3ncnc4sc5c(c34)CCCC5)cc2Cl)c1,6.698970004336019
True,355.463,4.055320000000003,1,5,CHEMBL5194543,Cc1ccc(-c2c(CN3CCCCC3)nc3scc(C(=O)O)n23)cc1,6.7447274948966935
True,483.4130000000001,6.720700000000005,1,4,CHEMBL5202119,CCc1ccc(Cn2cc(-c3cc(-c4ccc(Br)cc4)nc(N)n3)c3ccccc32)cc1,7.013228265733755
True,334.39300000000014,3.157000000000002,0,5,CHEMBL5201532,COc1cc(/C=C/S(=O)(=O)c2ccccc2)cc(OC)c1OC,8.105130343254748
True,323.37700000000007,3.4358000000000013,2,5,CHEMBL5185952,O=C(Cc1csc2nc3ccccc3n12)Nc1cccc(O)c1,4.259637310505756
True,308.333,3.9910000000000014,0,4,CHEMBL5192793,COc1ccc(-c2cc(=O)cc(-c3ccc(OC)cc3)o2)cc1,9.82390874094432
True,369.2220000000001,4.625800000000003,2,4,CHEMBL153206,COc1ccc2[nH]c3ncnc(Nc4cccc(Br)c4)c3c2c1,8.920818753952375
True,551.6550000000001,4.427600000000003,2,10,CHEMBL5188618,COc1cc(N(C)CCN(C)C)c(NC(=O)c2cnccn2)cc1Nc1nccc(-c2cn(C)c3ccccc23)n1,6.649751981665837
True,385.47200000000015,1.7561999999999995,4,8,CHEMBL5209276,CNC(=O)c1cnc(Nc2ccnc(N3CCC(O)CC3)n2)cc1NC(C)C,6.537602002101044
True,425.5120000000002,3.6277000000000017,3,8,CHEMBL5185287,CNc1ncc(C(C)C)c2cc(Nc3ccnc(N4CC[C@@H](O)[C@@](C)(F)C4)n3)ncc12,5.0
True,556.7080000000003,4.324300000000004,1,9,CHEMBL5095169,CO[C@@H]1CCN(c2nccc(Nc3cc4c(C(C)C)ccc(N5C[C@H](CS(C)(=O)=O)[C@H]5C)c4cn3)n2)C[C@@H]1F,8.130768280269024
True,446.4850000000001,6.798700000000005,3,3,CHEMBL2179119,Oc1ccc(-c2nc(-c3ccc(F)cc3)c(-c3ccnc4[nH]c(-c5ccccc5)cc34)[nH]2)cc1,6.0
True,354.37300000000005,3.276180000000001,2,7,CHEMBL5179288,N#Cc1ccc(O)c(-c2nc(NCc3ncccn3)c3ccccc3n2)c1,5.920818753952375
True,480.53200000000027,5.093520000000003,2,10,CHEMBL3989868,Cc1cc(Nc2ncnc3ccc(NC4=NC(C)(C)CO4)cc23)ccc1Oc1ccn2ncnc2c1,6.347753658996677
True,610.1840000000001,4.527800000000003,1,10,CHEMBL5194174,COc1cc(N2CCC(N3CCN(C)CC3)CC2)ccc1Nc1ncc(Cl)c(-c2cn(S(C)(=O)=O)c3ccccc23)n1,8.721246399047171
True,372.4280000000001,4.649000000000004,2,4,CHEMBL5218821,CCC(=O)Nc1cccc(-c2c(-c3ccccc3)[nH]c3ncnc(OC)c23)c1,5.919734372660155
True,448.50100000000015,6.359700000000005,3,4,CHEMBL5218780,Oc1ccc(-c2nc(-c3ccc(F)cc3)c(-c3ccnc4c3CC(c3ccccc3)N4)[nH]2)cc1,6.03810452633215
True,601.177,4.213500000000002,3,10,CHEMBL5172794,COc1cc(N2CCC(N3CCN(C)CC3)CC2)ccc1Nc1ncc(Cl)c(Nc2ccccc2NS(C)(=O)=O)n1,6.366531544420414
True,278.355,3.952820000000002,0,3,CHEMBL268501,Cc1ccc2c(-c3ccccc3)nc(=O)n(C(C)C)c2c1,8.698970004336019
True,352.42300000000023,2.8204800000000008,3,6,CHEMBL5221067,N#Cc1c(NC(=O)CNc2n[nH]c3ncccc23)sc2c1CCCC2,9.327902142064282
True,448.2800000000001,4.095100000000002,1,6,CHEMBL5288191,COc1nc2ccccc2cc1-c1nc2c(cnn2-c2ccc(Br)cc2)c(=O)[nH]1,5.23455498190985
True,483.5530000000002,4.324420000000003,1,8,CHEMBL5266387,Cc1ccc2c(=O)n(Cc3ccccc3)c(SCc3cn(-c4ccc(C(=O)O)cc4)nn3)nc2c1,7.411168274405793
True,440.8900000000002,5.633500000000004,0,6,CHEMBL5291481,O=c1c2ccc(Cl)cc2nc(-c2ccccc2)n1-c1nnc(-c2ccccc2C2CC2)o1,6.991399828238082
True,330.75,3.970200000000001,2,5,CHEMBL5269391,Fc1ccc(Nc2ncnc3ccc4c(c23)OCCN4)cc1Cl,7.059135024033278
True,465.5600000000002,4.880900000000003,2,8,CHEMBL5273124,CCOc1ccc2nc(NC(=O)CSc3nnc(Cc4c[nH]c5ccccc45)o3)sc2c1,5.552841968657781
True,443.55100000000016,3.677500000000002,2,7,CHEMBL475584,COc1cccc(-c2cn(-c3ccc(CCN4CCC(O)CC4)cc3)c3ncnc(N)c23)c1,6.823908740944319
True,295.302,1.6193999999999995,1,7,CHEMBL4216765,COc1ccc(C(=O)n2nc(-c3cccnc3)nc2N)cc1,5.443697499232713
True,454.5740000000004,5.769600000000007,1,6,CHEMBL5288957,COc1cc2c(Nc3ccc(-c4ccccc4)cc3)ncnc2cc1OCC1CCN(C)CC1,6.215382707367125
True,439.50500000000017,2.3318000000000003,2,11,CHEMBL5280555,CC(C)n1nc(N)c2cnc(Nc3ccnc(-c4cnn(S(=O)(=O)C5CC5)c4)n3)cc21,5.4089353929735005
True,514.6300000000003,4.704500000000004,1,9,CHEMBL5275642,COc1cc(N2CCN(C)CC2)ccc1Nc1ncc(C(=O)OC(C)C)c(-c2cn(C)c3ccccc23)n1,9.769551078621726
True,240.266,2.486920000000001,2,5,CHEMBL185853,Cc1ccc(Nc2ncnn3cccc23)cc1O,5.841637507904751
True,344.41800000000006,3.7536000000000014,2,4,CHEMBL5431583,CN(Cc1ccccc1)c1ncnc2[nH]c(-c3ccc(CO)cc3)cc12,7.698970004336019
True,546.6570000000003,3.9094000000000033,2,10,CHEMBL5407309,CCS(=O)(=O)n1cc(-c2ccnc(Nc3cc(NC(C)=O)c4c(cnn4CCN(C)C)c3)n2)c2ccccc21,5.97469413473523
True,358.44500000000016,4.062020000000002,2,4,CHEMBL5406924,Cc1cccc(CN(C)c2ncnc3[nH]c(-c4ccc(CO)cc4)cc23)c1,6.928117992693875
True,375.23,1.2845700000000009,3,7,CHEMBL5400975,CC1=NNC2Oc3ncn(N)c(=N)c3C(c3ccccc3Br)C12,7.221848749616356
True,386.5030000000002,3.609200000000002,1,6,CHEMBL5425121,c1ccc2c(c1)CCN2c1ncnc2cc3c(cc12)NCN3CCN1CCCC1,7.494850021680094
True,384.4990000000001,3.808340000000002,3,3,CHEMBL5405436,CCN(CC)CCNC(=O)c1c(C)[nH]c(/C=C2\CNc3ccc(F)cc32)c1C,5.229147988357856
True,441.5140000000001,4.728300000000004,1,7,CHEMBL5420857,CN(C)CCn1ccc2cc(Nc3nccc(-n4ccnc4-c4ccc(F)cc4)n3)ccc21,7.769551078621726
True,412.47800000000007,4.096000000000004,1,7,CHEMBL2093753,O=C(Cc1cccs1)Nc1cccc(-c2ccc3nnc(-c4cccnc4)n3n2)c1,7.102372908709558
True,359.42900000000014,4.973300000000004,1,5,CHEMBL5412768,COc1cc2ncnc(N[C@H](C)c3cccc4ccccc34)c2cc1OC,6.236572006437063
True,607.117,4.614200000000003,2,9,CHEMBL5398753,O=C(CSc1nc2ccccc2c(=O)n1CCc1ccccc1)Nc1ccc(S(=O)(=O)Nc2ccc(Cl)nn2)cc1,7.008773924307505
